"LocalService","AppId","CLSID"
,"{03837503-098b-11d8-9414-505054503030}","{03837532-098B-11D8-9414-505054503030}"
,"{03837503-098b-11d8-9414-505054503030}","{03837538-098B-11D8-9414-505054503030}"
,"{03837503-098b-11d8-9414-505054503030}","{03837539-098B-11D8-9414-505054503030}"
,"{03837503-098b-11d8-9414-505054503030}","{03837529-098B-11D8-9414-505054503030}"
,"{03837503-098b-11d8-9414-505054503030}","{03837530-098B-11D8-9414-505054503030}"
,"{03837503-098b-11d8-9414-505054503030}","{03837531-098B-11D8-9414-505054503030}"
,"{03837503-098b-11d8-9414-505054503030}","{03837546-098B-11D8-9414-505054503030}"
,"{6E233475-C3FB-4967-9478-1B2462CBF474}","{6E233475-C3FB-4967-9478-1B2462CBF474}"
,"{2fd08a73-d1f1-43eb-b888-24c2496f95fd}","{228826af-02e1-4226-a9e0-99a855e455a6}"
,"{ff9e6131-a8c1-4188-aa03-82e9f10a05a8}","{ff9e6131-a8c1-4188-aa03-82e9f10a05a8}"
,"{03837503-098b-11d8-9414-505054503030}","{03837547-098B-11D8-9414-505054503030}"
,"{F9717507-6651-4EDB-BFF7-AE615179BCCF}","{c39ee728-d419-4bd4-a3ef-eda059dbd935}"
,"{01419581-4d63-4d43-ac26-6e2fc976c1f3}","{be472f80-fa9a-46d8-a158-f888836d8e0b}"
,"{03837503-098b-11d8-9414-505054503030}","{03837528-098B-11D8-9414-505054503030}"
,"{0CA545C6-37AD-4A6C-BF92-9F7610067EF5}","{0CA545C6-37AD-4A6C-BF92-9F7610067EF5}"
,"{46B988E8-BEC2-401F-A1C5-16C694F26D3E}","{E5A040E9-1097-4D24-B89E-3C730036D615}"
,"{f62fdd2e-66d2-423b-9a04-f71ea00f892a}","{1138506a-b949-46a7-b6c0-ee26499fdeaf}"
,"{59A167AF-A02A-40FF-9F49-E25FF16A73BB}","{59A167AF-A02A-40FF-9F49-E25FF16A73BB}"
,"{B0E28D63-52F6-4E30-992B-78ECF97268E9}","{B0E28D63-52F6-4e30-992B-78ECF97268E9}"
,"{53362C64-A296-4F2D-A2F8-FD984D08340B}","{53362C64-A296-4F2D-A2F8-FD984D08340B}"
,"{03837503-098b-11d8-9414-505054503030}","{03837511-098B-11D8-9414-505054503030}"
,"{03837503-098b-11d8-9414-505054503030}","{03837525-098B-11D8-9414-505054503030}"
,"{03837503-098b-11d8-9414-505054503030}","{03837526-098B-11D8-9414-505054503030}"
,"{03837503-098b-11d8-9414-505054503030}","{03837527-098B-11D8-9414-505054503030}"
,"{03837503-098b-11d8-9414-505054503030}","{03837513-098B-11D8-9414-505054503030}"
,"{03837503-098b-11d8-9414-505054503030}","{0383751C-098B-11D8-9414-505054503030}"
,"{03837503-098b-11d8-9414-505054503030}","{03837521-098B-11D8-9414-505054503030}"
,"{304CE942-6E39-40D8-943A-B913C40C9CD4}","{304CE942-6E39-40D8-943A-B913C40C9CD4}"
,"{FAF53CC4-BD73-4E36-83F1-2B23F46E513E}","{FAF53CC4-BD73-4E36-83F1-2B23F46E513E}"
,"{292bed96-e9ce-40f8-b71b-c313defa3a78}","{c463a0fc-794f-4fdf-9201-01938ceacafa}"
,"{ECABB0C3-7F19-11D2-978E-0000F8757E2A}","{ECABB0C3-7F19-11D2-978E-0000F8757E2A}"
,"{40AEEAB6-8FDA-41e3-9A5F-8350D4CFCA91}","{3050f4d8-98B5-11CF-BB82-00AA00BDCE0B}"
,"{45597c98-80f6-4549-84ff-752cf55e2d29}","{45597c98-80f6-4549-84ff-752cf55e2d29}"
,"{C92A9617-0EAE-4235-BD2B-84540EF1FFA9}","{B43A0C1E-B63F-4691-B68F-CD807A45DA01}"
,"{273541FF-7F64-5B0F-8F00-5D77AFBE261E}","{25983561-9D65-49CE-B335-40630D901227}"
,"{273541FF-7F64-5B0F-8F00-5D77AFBE261E}","{27354127-7F64-5B0F-8F00-5D77AFBE261E}"
,"{273541FF-7F64-5B0F-8F00-5D77AFBE261E}","{27354128-7F64-5B0F-8F00-5D77AFBE261E}"
,"{273541FF-7F64-5B0F-8F00-5D77AFBE261E}","{27354129-7F64-5B0F-8F00-5D77AFBE261E}"
,"{273541FF-7F64-5B0F-8F00-5D77AFBE261E}","{27354124-7F64-5B0F-8F00-5D77AFBE261E}"
,"{273541FF-7F64-5B0F-8F00-5D77AFBE261E}","{27354125-7F64-5B0F-8F00-5D77AFBE261E}"
,"{273541FF-7F64-5B0F-8F00-5D77AFBE261E}","{27354126-7F64-5B0F-8F00-5D77AFBE261E}"
,"{92FE5BDF-F1EF-4F1A-8F06-03358C9D160C}","{92FE5BDF-F1EF-4F1A-8F06-03358C9D160C}"
,"{6f33340d-8a01-473a-b75f-ded88c8360ce}","{6f33340d-8a01-473a-b75f-ded88c8360ce}"
,"{46C166AA-3108-11D4-9348-00C04F8EEB71}","{46C166AA-3108-11D4-9348-00C04F8EEB71}"
,"{953E4863-7AD1-4DAE-B2BD-108F1D57967B}","{20C6F4C2-80A8-4310-A59A-1CC487334236}"
,"{CDCBCFCA-3CDC-436f-A4E2-0E02075250C2}","{682159d9-c321-47ca-b3f1-30e36b2ec8b9}"
,"{CDCBCFCA-3CDC-436f-A4E2-0E02075250C2}","{75dff2b7-6936-4c06-a8bb-676a7b00b24b}"
,"{CDCBCFCA-3CDC-436f-A4E2-0E02075250C2}","{ceff45ee-c862-41de-aee2-a022c81eda92}"
,"{6d8ff8e0-730d-11d4-bf42-00b0d0118b56}","{6d8ff8e0-730d-11d4-bf42-00b0d0118b56}"
,"{7B6EA1D5-03C2-4AE4-B21C-8D0515CC91B7}","{7B6EA1D5-03C2-4AE4-B21C-8D0515CC91B7}"
,"{362cc086-4d81-4824-bbb5-666d34b3197d}","{0c9281f9-6da1-4006-8729-de6e6b61581c}"
,"{03e64e17-b220-4052-9b9b-155f9cb8e016}","{03e64e17-b220-4052-9b9b-155f9cb8e016}"
,"{50d69d24-961d-4828-9d1c-5f4717f226d1}","{BD84B380-8CA2-1069-AB1D-08000948F534}"
,"{E8FB8615-588F-11D2-9D61-00C04F79C5FE}","{E8FB8621-588F-11D2-9D61-00C04F79C5FE}"
,"{642ef9d6-48a5-476b-919a-a507cfd02c0f}","{08d450b7-f7e5-4424-8229-11888adb7c14}"
,"{3E5FC7F9-9A51-4367-9063-A120244FBEC7}","{3E5FC7F9-9A51-4367-9063-A120244FBEC7}"
,"{266C72E7-62E8-11D1-AD89-00C04FD8FDFF}","{266C72E7-62E8-11D1-AD89-00C04FD8FDFF}"
,"{2C5BC43E-3369-4C33-AB0C-BE9469677AF4}","{2C5BC43E-3369-4C33-AB0C-BE9469677AF4}"
,"{1A1F4206-0688-4E7F-BE03-D82EC69DF9A5}","{1A1F4206-0688-4E7F-BE03-D82EC69DF9A5}"
,"{3E000D72-A845-4CD9-BD83-80C07C3B881F}","{3E000D72-A845-4CD9-BD83-80C07C3B881F}"
,"{F20DA720-C02F-11CE-927B-0800095AE340}","{F20DA720-C02F-11CE-927B-0800095AE340}"
,"{56676660-4A4D-45B0-B24E-9CF6B35E9ABF}","{1E2D67D6-F596-4640-84F6-CE09D630E983}"
,"{B06FF84E-0A77-4DD2-A919-0EABD8979DC1}","{19C65143-6230-42FA-A58E-7D9FA9BE2EB5}"
,"{72A7994A-3092-4054-B6BE-08FF81AEEFFC}","{72A7994A-3092-4054-B6BE-08FF81AEEFFC}"
,"SQLTaskConnections.SQLTaskConnectionOl.4","{64C12F30-402A-4479-B618-D9F58F332C15}"
,"{E62A7A31-6025-408E-87F6-81AEB0DC9347}","{36BBB745-0999-4FD8-A538-4D4D84E4BD09}"
,"{3C3F40BC-60EB-4567-B90C-480C87C21AC1}","{E444E1B9-502C-44f9-B714-30DA330D0E8E}"
,"{e30984f1-b02b-4c27-a40f-23d11b8c1212}","{26D32566-760A-40A2-AA82-A40366528916}"
,"{1f2e5c40-9550-11ce-99d2-00aa006e086c}","{1f2e5c40-9550-11ce-99d2-00aa006e086c}"
,"{E10F6C3A-F1AE-4ADC-AA9D-2FE65525666E}","{ADAB9B51-4CDD-4af0-892C-AB7FA7B3293F}"
,"{E10F6C3A-F1AE-4ADC-AA9D-2FE65525666E}","{D63AA156-D534-4BAC-9BF1-55359CF5EC30}"
,"{76D0CB12-7604-4048-B83C-1005C7DDC503}","{76D0CB12-7604-4048-B83C-1005C7DDC503}"
,"{51a1467f-96a2-4b1c-9632-4b4d950fe216}","{51a1467f-96a2-4b1c-9632-4b4d950fe216}"
,"{E10F6C3A-F1AE-4ADC-AA9D-2FE65525666E}","{6B56A227-7150-4A1F-A114-C959EB8F8C24}"
,"{E10F6C3A-F1AE-4adc-AA9D-2FE65525666E}","{9b359d1b-ad5c-412f-a654-a431424359de}"
,"{E95186C7-7D80-4311-843D-0702CBC8B1E4}","{E95186C7-7D80-4311-843D-0702CBC8B1E4}"
,"{27170d71-7a40-4c8b-a3d1-64f7cbe81c66}","{d63c23c5-53e6-48d5-adda-a385b6bb9c7b}"
,"{C3A34354-660F-41EE-B072-2AEA5E3A80AF}","{32BA16FD-77D9-4AFB-9C9F-703E92AD4BFF}"
,"{DE5DBCDC-104A-4cbc-A4D5-0C2104A142C5}","{5440837F-4BFF-4AE5-A1B1-7722ECC6332A}"
,"{27170d71-7a40-4c8b-a3d1-64f7cbe81c66}","{46CB32FA-B5CA-8A3A-62CA-A7023C0496C5}"
,"{27170d71-7a40-4c8b-a3d1-64f7cbe81c66}","{4b360c3c-d284-4384-abcc-ef133e1445da}"
,"{27170d71-7a40-4c8b-a3d1-64f7cbe81c66}","{5bbd58bb-993e-4c17-8af6-3af8e908fca8}"
,"{12C21EA7-2EB8-4B55-9249-AC243DA8C666}","{12C21EA7-2EB8-4B55-9249-AC243DA8C666}"
,"{76be8257-c4c0-4d37-90c0-a23372254d27}","{76be8257-c4c0-4d37-90c0-a23372254d27}"
,"{E2B3C97F-6AE1-41AC-817A-F6F92166D7DD}","{E2B3C97F-6AE1-41AC-817A-F6F92166D7DD}"
,"{4545dea0-2dfc-4906-a728-6d986ba399a9}","{4545dea0-2dfc-4906-a728-6d986ba399a9}"
,"{E3F8298E-E36B-425C-A208-45F0923BF601}","{87DFB650-A967-47C4-A6C2-85E816880F0F}"
,"{152EA2A8-70DC-4C59-8B2A-32AA3CA0DCAC}","{152EA2A8-70DC-4C59-8B2A-32AA3CA0DCAC}"
,"{B3823009-106A-4898-8C5A-F28A7CA83ED6}","{B3823009-106A-4898-8C5A-F28A7CA83ED6}"
,"{9df523b0-a6c0-4ea9-b5f1-f4565c3ac8b8}","{9df523b0-a6c0-4ea9-b5f1-f4565c3ac8b8}"
,"{7007ACD1-3202-11D1-AAD2-00805FC1270E}","{7007ACD1-3202-11D1-AAD2-00805FC1270E}"
,"{9CA88EE3-ACB7-47c8-AFC4-AB702511C276}","{D63B10C5-BB46-4990-A94F-E40B9D520160}"
,"{FA1456D3-4B97-4f9c-8511-2786161DC333}","{C0DCC3A6-BE26-4bad-9833-61DFACE1A8DB}"
,"{11c058e0-9f3e-4c90-a459-2553f2f9e011}","{12a66224-5e8a-4679-8941-0b9b960bf5ea}"
,"{1BA783C1-2A30-4ad3-B928-A9A46C604C28}","{1BA783C1-2A30-4ad3-B928-A9A46C604C28}"
,"{ED6BB178-B06A-47ad-98B3-6066E0CF0147}","{94E03510-31B9-47a0-A44E-E932AC86BB17}"
,"{BF4CEF58-88C0-4A14-8569-963212DB6C95}","{BF4CEF58-88C0-4A14-8569-963212DB6C95}"
,"{00f2b433-44e4-4d88-b2b0-2698a0a91dba}","{00f2b433-44e4-4d88-b2b0-2698a0a91dba}"
,"{2C941FD1-975B-59BE-A960-9A2A262853A5}","{2C941FC5-975B-59BE-A960-9A2A262853A5}"
,"{2C941FD1-975B-59BE-A960-9A2A262853A5}","{2C941FCE-975B-59BE-A960-9A2A262853A5}"
,"{66eea0f5-001a-4073-a496-783f86fcf4c0}","{66eea0f5-001a-4073-a496-783f86fcf4c0}"
,"{E96767E0-7EAA-45e1-8E7D-64414AFF281A}","{E96767E0-7EAA-45e1-8E7D-64414AFF281A}"
,"{7f9bbc82-ba5f-4448-8622-ef76b8d007e6}","{010911E2-F61C-479B-B08C-43E6D1299EFE}"
,"{2C941FD1-975B-59BE-A960-9A2A262853A5}","{CEEE3B62-8F56-4056-869B-EF16917E3EFC}"
,"{F135BE18-BF34-4CBD-B1D5-55D49F0DEDCC}","{75269C13-41E1-4D0E-B8A0-9F8F22E246C9}"
,"{F135BE18-BF34-4CBD-B1D5-55D49F0DEDCC}","{89115307-8248-448f-ADA0-F3F3718A9B2A}"
,"{F135BE18-BF34-4CBD-B1D5-55D49F0DEDCC}","{ADD18BF7-AB60-4283-A580-D7544DD255D2}"
,"{CB1DFE3A-EDFF-4d1f-867D-8ADB02926F4B}","{CB1DFE3A-EDFF-4d1f-867D-8ADB02926F4B}"
,"{44831FEC-DC51-4716-A7E1-E898FDF83C85}","{3C296D07-90AE-4FAC-86F9-65EAA8B82D22}"
,"{F135BE18-BF34-4CBD-B1D5-55D49F0DEDCC}","{4654B883-10C0-4524-96B6-7D997104DCF0}"
,"{BA126F01-2166-11D1-B1D0-00805FC1270E}","{BA126F01-2166-11D1-B1D0-00805FC1270E}"
,"{e44e9428-bdbc-4987-a099-40dc8fd255e7}","{e44e9428-bdbc-4987-a099-40dc8fd255e7}"
,"{C89FC3EF-A0DC-4feb-BFBC-F13A9C334D4F}","{C89FC3EF-A0DC-4feb-BFBC-F13A9C334D4F}"
,"{205609B7-5E08-443E-B0A7-A7AED3F3A717}","{F02602C4-3C2A-473B-B35E-679A0076A4A6}"
,"{4BC67F23-D805-4384-BCA3-6F1EDFF50E2C}","{01D0A625-782D-4777-8D4E-547E6457FAD5}"
,"{4BC67F23-D805-4384-BCA3-6F1EDFF50E2C}","{4BC67F23-D805-4384-BCA3-6F1EDFF50E2C}"
,"{0da7bfdf-c0a0-44eb-be82-b7a82c4721de}","{0da7bfdf-c0a0-44eb-be82-b7a82c4721de}"
,"{7B29F495-0F55-49F7-8885-9E8A22CE3829}","{bdb57ff2-79b9-4205-9447-f5fe85f37312}"
,"{0868DC9B-D9A2-4f64-9362-133CEA201299}","{F87B28F1-DA9A-4F35-8EC0-800EFCF26B83}"
,"{135fd325-45b7-4c30-89f8-4386961669f0}","{135fd325-45b7-4c30-89f8-4386961669f0}"
,"{71B804C5-5577-471D-8FE5-C4A45B654EB8}","{71B804C5-5577-471D-8FE5-C4A45B654EB8}"
,"{fc470800-12e0-4da3-81f3-e67240d19093}","{fc470800-12e0-4da3-81f3-e67240d19093}"
,"{2C256447-3F0D-4CBB-9D12-575BB20CDA0A}","{2C256447-3F0D-4CBB-9D12-575BB20CDA0A}"
,"{2F93C02D-77F9-46B4-95FB-8CBB81EEB62C}","{2F93C02D-77F9-46B4-95FB-8CBB81EEB62C}"
,"{6d2b5079-2f0b-48dd-ab7f-97cec514d30b}","{b9815375-5d7f-4ce2-9245-c9d4da436930}"
,"{6d2b5079-2f0b-48dd-ab7f-97cec514d30b}","{BFD468D2-D0A0-4bdc-878C-E69C2F5B435D}"
,"{6d2b5079-2f0b-48dd-ab7f-97cec514d30b}","{f8b8412b-dea3-4130-b36c-5e8be73106ac}"
,"{6d2b5079-2f0b-48dd-ab7f-97cec514d30b}","{914feed8-267a-4baa-b8aa-21e233792679}"
,"{6d2b5079-2f0b-48dd-ab7f-97cec514d30b}","{92dbad9f-5025-49b0-9078-2d78f935e341}"
,"{6d2b5079-2f0b-48dd-ab7f-97cec514d30b}","{a42c2ccb-67d3-46fa-abe6-7d2f3488c7a3}"
,"{31337EC7-5767-11CF-BEAB-00AA006C3606}","{31337EC7-5767-11CF-BEAB-00AA006C3606}"
,"{cee8ccc9-4f6b-4469-a235-5a22869eef03}","{cee8ccc9-4f6b-4469-a235-5a22869eef03}"
,"{513D916F-2A8E-4F51-AEAB-0CBC76FB1AF8}","{513D916F-2A8E-4F51-AEAB-0CBC76FB1AF8}"
,"{4A6B8BAD-9872-4525-A812-71A52367DC17}","{4A6B8BAD-9872-4525-A812-71A52367DC17}"
,"{924DC564-16A6-42EB-929A-9A61FA7DA06F}","{924DC564-16A6-42EB-929A-9A61FA7DA06F}"
,"{50a9ab2a-20f8-4d71-9f32-9fd305b49601}","{ffe1df5f-9f06-46d3-af27-f1fc10d63892}"
,"{F1425A67-1545-44A2-AB59-8DF1020452D9}","{F1425A67-1545-44A2-AB59-8DF1020452D9}"
,"{3f2db10f-6368-4702-a4b1-e5149d931371}","{693C76B7-39CA-4EF7-9D38-0DA4F54D3240}"
,"{D2E7041B-2927-42fb-8E9F-7CE93B6DC937}","{D2E7041B-2927-42fb-8E9F-7CE93B6DC937}"
,"{49f171dd-b51a-40d3-9a6c-52d674cc729d}","{49f171dd-b51a-40d3-9a6c-52d674cc729d}"
,"{7A076CE1-4B31-452a-A4F1-0304C8738100}","{7A076CE1-4B31-452a-A4F1-0304C8738100}"
,"{8D15A4F3-1BE5-4120-8A4D-2EF92A5DD58D}","{0823B6F8-F499-4d5e-B885-EA9CB4F43B24}"
,"{84D586C4-A423-11D2-B943-00C04F79D22F}","{84D586C4-A423-11D2-B943-00C04F79D22F}"
,"{4A3F2F56-454A-4CC5-9734-BB7D8141AC0A}","{4A3F2F56-454A-4CC5-9734-BB7D8141AC0A}"
,"{A5065670-136D-4FD6-A45F-00C85B90359C}","{A5065670-136D-4FD6-A45F-00C85B90359C}"
,"{1F7D1BE9-7A50-40B6-A605-C4F3696F49C0}","{1F7D1BE9-7A50-40b6-A605-C4F3696F49C0}"
,"{1F87137D-0E7C-44d5-8C73-4EFFB68962F2}","{1F87137D-0E7C-44d5-8C73-4EFFB68962F2}"
,"{209444d2-2540-495e-962c-a61ad3243526}","{9acf41ed-d457-4cc1-941b-ab02c26e4686}"
,"{7007ACC5-3202-11D1-AAD2-00805FC1270E}","{7007ACC5-3202-11D1-AAD2-00805FC1270E}"
,"{A6BFEA43-501F-456F-A845-983D3AD7B8F0}","{A6BFEA43-501F-456F-A845-983D3AD7B8F0}"
,"{1202DB60-1DAC-42C5-AED5-1ABDD432248E}","{1202DB60-1DAC-42C5-AED5-1ABDD432248E}"
,"{B366DEBE-645B-43A5-B865-DDD82C345492}","{F8D253D9-89A4-4daa-87B6-1168369F0B21}"
,"{fb479c02-9ec4-4fed-8599-debe037452cb}","{fb479c02-9ec4-4fed-8599-debe037452cb}"
,"{7e0423cd-1119-0928-900c-e6d4a52a0715}","{49B2791A-B1AE-4C90-9B8E-E860BA07F889}"
,"{4E14FBA2-2E22-11D1-9964-00C04FBBB345}","{4E14FBA2-2E22-11D1-9964-00C04FBBB345}"
,"{52FC5917-F4E4-4C78-B469-20E722379F6C}","{C88A4279-5ADC-4465-927F-6B19777AA5F9}"
,"{A0ADD4EC-5BD3-4f70-A47B-07797A45C635}","{A0ADD4EC-5BD3-4f70-A47B-07797A45C635}"
,"{9aa46009-3ce0-458a-a354-715610a075e6}","{9aa46009-3ce0-458a-a354-715610a075e6}"
,"{4E14FBA2-2E22-11D1-9964-00C04FBBB345}","{7542E960-79C7-11D1-88F9-0080C7D771BF}"
,"{B366DEBE-645B-43A5-B865-DDD82C345492}","{4CB43D7F-7EEE-4906-8698-60DA1C38F2FE}"
,"{B366DEBE-645B-43A5-B865-DDD82C345492}","{BFE18E9C-6D87-4450-B37C-E02F0B373803}"
,"{B366DEBE-645B-43A5-B865-DDD82C345492}","{C2E88C2F-6F5B-4AAA-894B-55C847AD3A2D}"
,"{4E14FBA2-2E22-11D1-9964-00C04FBBB345}","{AB944620-79C6-11D1-88F9-0080C7D771BF}"
,"{4E14FBA2-2E22-11D1-9964-00C04FBBB345}","{CDBEC9C0-7A68-11D1-88F9-0080C7D771BF}"
,"{B366DEBE-645B-43A5-B865-DDD82C345492}","{317E92FC-1679-46FD-A0B5-F08914DD8623}"
,"{F056D291-A2AB-45f7-8EE4-40454493B351}","{F056D291-A2AB-45f7-8EE4-40454493B351}"
,"{995C996E-D918-4a8c-A302-45719A6F4EA7}","{995C996E-D918-4a8c-A302-45719A6F4EA7}"
,"{00021401-0000-0000-C000-000000000046}","{00021401-0000-0000-C000-000000000046}"
,"{00393519-3A67-4507-A2B8-85146167ACA7}","{00393519-3A67-4507-A2B8-85146167ACA7}"
,"{7d378de6-ed8d-426d-91df-0273d07cd7f6}","{98068995-54d2-4136-9bc9-6dbcb0a4683f}"
,"{577289b6-6e75-11df-86f8-18a905160fe0}","{577289b6-6e75-11df-86f8-18a905160fe0}"
,"{78CD9573-45CD-49BF-AA6B-FA6A4DE8B00B}","{5521E761-0180-4E59-B59F-F73FE9D5669B}"
,"{86d5eb8a-859f-4c7b-a76b-2bd819b7a850}","{A5EAE54D-9886-4B8D-AA78-EAFF38D011CA}"
,"{09C5C2B5-1D32-4598-B87E-203F32BB08E3}","{031EE060-67BC-460d-8847-E4A7C5E45A27}"
,"{82D94FB3-7fE6-4797-BB72-9A886C66073B}","{F159A1A7-462A-4FF3-8E51-E518DC011268}"
,"{78CD9573-45CD-49BF-AA6B-FA6A4DE8B00B}","{A1E6EB1D-4E02-4DC8-A3B9-FABD9720700A}"
,"{FC38B7C8-9E50-497d-A387-7DEBDAD14160}","{8E4062D9-FE1B-4b9e-AA16-5E8EEF68F48E}"
,"{86d5eb8a-859f-4c7b-a76b-2bd819b7a850}","{86d5eb8a-859f-4c7b-a76b-2bd819b7a850}"
,"{3ad05575-8857-4850-9277-11b85bdb8e09}","{3ad05575-8857-4850-9277-11b85bdb8e09}"
,"{273541FF-7F64-5B0F-8F00-5D77AFBE261E}","{2735412D-7F64-5B0F-8F00-5D77AFBE261E}"
,"{273541FF-7F64-5B0F-8F00-5D77AFBE261E}","{2735412E-7F64-5B0F-8F00-5D77AFBE261E}"
,"{6B1DE8B3-DFB1-4C0E-9D9A-89CA730DE93F}","{1B462D7B-72D8-4544-ACC1-D84E5B9A8A14}"
,"{273541FF-7F64-5B0F-8F00-5D77AFBE261E}","{2735412A-7F64-5B0F-8F00-5D77AFBE261E}"
,"{273541FF-7F64-5B0F-8F00-5D77AFBE261E}","{2735412B-7F64-5B0F-8F00-5D77AFBE261E}"
,"{273541FF-7F64-5B0F-8F00-5D77AFBE261E}","{2735412C-7F64-5B0F-8F00-5D77AFBE261E}"
,"{6B1DE8B3-DFB1-4C0E-9D9A-89CA730DE93F}","{6B7F33AC-D91D-4563-BF36-0ACCB24E66FB}"
,"{BF8841C9-378A-4CAD-B4FC-5091366CBC0D}","{BF8841C9-378A-4CAD-B4FC-5091366CBC0D}"
,"{8cec58ae-07a1-11d9-b15e-000d56bfe6ee}","{8cec58ae-07a1-11d9-b15e-000d56bfe6ee}"
,"{73E709EA-5D93-4B2E-BBB0-99B7938DA9E4}","{73E709EA-5D93-4B2E-BBB0-99B7938DA9E4}"
,"{FA3FC5CF-0304-4CAC-99F0-032AC2B15D1E}","{b15c0e47-c391-45b9-95c8-eb596c853f3a}"
,"{150F28F1-49A5-4C28-BE1A-CFA854A1D04B}","{150F28F1-49A5-4C28-BE1A-CFA854A1D04B}"
,"{cdc32574-7521-4124-90c3-8d5605a34933}","{cdc32574-7521-4124-90c3-8d5605a34933}"
,"{a2b77517-6d12-4c60-b0c6-725e971ec8fe}","{25dead04-1eac-4911-9e3a-ad0a4ab560fd}"
,"{BB07BACD-CD56-4E63-A8FF-CBF0355FB9F4}","{BB07BACD-CD56-4E63-A8FF-CBF0355FB9F4}"
,"{E15FBAC2-C276-4523-92CA-561456EBCF3E}","{A6787DB4-F958-4938-855B-594534865351}"
,"{133eac4f-5891-4d04-bada-d84870380a80}","{133eac4f-5891-4d04-bada-d84870380a80}"
,"{36938566-B1AA-4E77-9B3F-730CF4E996AB}","{6B19643A-0CD7-4563-B710-BDC191FCAD3B}"
,"{36938566-B1AA-4E77-9B3F-730CF4E996AB}","{C4D6E899-E38A-4838-9188-0B98EE3175E6}"
,"{36938566-B1AA-4E77-9B3F-730CF4E996AB}","{D6E88812-F325-4dc1-BBC7-23076618E58D}"
,"{0C3B05FB-3498-40C3-9C03-4B22D735550C}","{0C3B05FB-3498-40C3-9C03-4B22D735550C}"
,"{6d2b5079-2f0b-48dd-ab7f-97cec514d30b}","{13D3C4B8-B179-4ebb-BF62-F704173E7448}"
,"{6d2b5079-2f0b-48dd-ab7f-97cec514d30b}","{1531d583-8375-4d3f-b5fb-d23bbd169f22}"
,"{6d2b5079-2f0b-48dd-ab7f-97cec514d30b}","{8a7cae0e-5951-49cb-bf20-ab3fa1e44b01}"
,"{3eb3c877-1f16-487c-9050-104dbcd66683}","{0358b920-0ac7-461f-98f4-58e32cd89148}"
,"{8be0366c-8522-40be-8b08-cb26557f2854}","{aac1009f-ab33-48f9-9a21-7f5b88426a2e}"
,"{FCC74B77-EC3E-4dd8-A80B-008A702075A9}","{FCC74B77-EC3E-4dd8-A80B-008A702075A9}"
,"{36938566-B1AA-4E77-9B3F-730CF4E996AB}","{4CE576FA-83DC-4f88-951C-9D0782B4E376}"
,"{E32549C4-C2B8-4BCC-90D7-0FC3511092BB}","{5f4baad0-4d59-4fcd-b213-783ce7a92f22}"
,"{E32549C4-C2B8-4BCC-90D7-0FC3511092BB}","{8144B6F5-20A8-444a-B8EE-19DF0BB84BDB}"
,"{E32549C4-C2B8-4BCC-90D7-0FC3511092BB}","{D13E3F25-1688-45A0-9743-759EB35CDF9A}"
,"{ECABB0C6-7F19-11D2-978E-0000F8757E2A}","{ECABB0C6-7F19-11D2-978E-0000F8757E2A}"
,"{1fda955b-61ff-11da-978c-0008744faab7}","{1fda955b-61ff-11da-978c-0008744faab7}"
,"{98a89e0c-1fde-4c2a-a373-b04831e6aa60}","{a677570a-2ba2-4e9a-b2e2-8a02cd8b4fd3}"
,"{6D9A7A40-DDCA-414E-B48E-DFB032C03C1B}","{0A14D3FF-EC53-450f-AA30-FFBC55BE26A2}"
,"{6D9A7A40-DDCA-414E-B48E-DFB032C03C1B}","{A4DDCA2B-E73C-40C5-83B1-9F40269D0B0D}"
,"{6D9A7A40-DDCA-414E-B48E-DFB032C03C1B}","{AA04CA0B-7597-4F3E-99A8-36712D13D676}"
,"{36938566-B1AA-4E77-9B3F-730CF4E996AB}","{054AAE20-4BEA-4347-8A35-64A533254A9D}"
,"{6D9A7A40-DDCA-414E-B48E-DFB032C03C1B}","{179CC917-3A82-40E7-9F8C-2FC8A3D2212B}"
,"{6D9A7A40-DDCA-414E-B48E-DFB032C03C1B}","{8A99553A-7971-4445-93B5-AAA43D1433C5}"
,"{6D9A7A40-DDCA-414E-B48E-DFB032C03C1B}","{91ECFDB4-2606-43E4-8F86-E25B0CB01F1E}"
,"{45BA127D-10A8-46EA-8AB7-56EA9078943C}","{45BA127D-10A8-46EA-8AB7-56EA9078943C}"
,"{49BD2028-1523-11D1-AD79-00C04FD8FDFF}","{49BD2028-1523-11D1-AD79-00C04FD8FDFF}"
,"{edb5f444-cb8d-445a-a523-ec5ab6ea33c7}","{edb5f444-cb8d-445a-a523-ec5ab6ea33c7}"
,"{ed1d0fdf-4414-470a-a56d-cfb68623fc58}","{ed1d0fdf-4414-470a-a56d-cfb68623fc58}"
,"{777BA81A-2498-4875-933A-3067DE883070}","{777BA816-2498-4875-933A-3067DE883070}"
,"{777BA81A-2498-4875-933A-3067DE883070}","{777BA81A-2498-4875-933A-3067DE883070}"
,"{60173D16-A550-47f0-A14B-C6F9E4DA0831}","{60173D16-A550-47f0-A14B-C6F9E4DA0831}"
,"{777BA81A-2498-4875-933A-3067DE883070}","{777BA815-2498-4875-933A-3067DE883070}"
,"{B1445657-5A98-11d9-A4E5-00301BB132BA}","{83FEFA40-6F67-4244-AA04-1E590C1CB1D9}"
,"{71C3255B-22FE-40B2-80E5-F84A2A764AC2}","{71C3255B-22FE-40B2-80E5-F84A2A764AC2}"
,"{B1445657-5A98-11d9-A4E5-00301BB132BA}","{64445657-9101-11d9-994B-00301BB132BA}"
,"{B1445657-5A98-11d9-A4E5-00301BB132BA}","{70445657-5AB0-11d9-A4E5-00301BB132BA}"
,"{59c7f6ec-7d18-412f-a68e-877982768e61}","{e3a4e5ca-55b2-4a06-b1ab-8fbecc7bca4b}"
,"{a4c31131-ff70-4984-afd6-0609ced53ad6}","{a4c31131-ff70-4984-afd6-0609ced53ad6}"
,"{A457D4AC-2D5F-4C0A-95FF-F4A9D94BA09C}","{C5E24379-0902-483B-940B-02B9046A4E0D}"
,"{B8558612-DF5E-4F95-BB81-8E910B327FB2}","{B8558612-DF5E-4F95-BB81-8E910B327FB2}"
,"{0968e258-16c7-4dba-aa86-462dd61e31a3}","{0968e258-16c7-4dba-aa86-462dd61e31a3}"
,"{A55803CC-4D53-404c-8557-FD63DBA95D24}","{A55803CC-4D53-404c-8557-FD63DBA95D24}"
,"{6d8ff8e8-730d-11d4-bf42-00b0d0118b56}","{6d8ff8e8-730d-11d4-bf42-00b0d0118b56}"
,"{2044946D-AF2B-49B2-B02A-4C7AAF82796C}","{92A9149E-2F1F-472B-B644-9535726E6187}"
,"{1FF84C3B-1140-4EB6-BE38-4BE618D2E7D6}","{1FF84C3B-1140-4eb6-BE38-4BE618D2E7D6}"
,"{b0316d0c-da2f-40e0-9f91-f600caf042dc}","{69B1A7D7-C09E-40e9-A1DF-688007A2D9E4}"
,"{F3D3AA8D-EF96-4470-848E-BD70B803047A}","{C529C7EF-A3AF-45F2-8A47-767B33AA5CC0}"
,"{8C334A55-DDB9-491C-817E-35A6B85D2ECB}","{8C334A55-DDB9-491c-817E-35A6B85D2ECB}"
,"{777BA81A-2498-4875-933A-3067DE883070}","{777BA8FB-2498-4875-933A-3067DE883070}"
,"SQLTaskConnections.SQLTaskConnectionAD.4","{843EEC79-C3E8-40AE-ABBD-3030DBCA47D1}"
,"{777BA81A-2498-4875-933A-3067DE883070}","{777BA8F5-2498-4875-933A-3067DE883070}"
,"{777BA81A-2498-4875-933A-3067DE883070}","{777BA8F9-2498-4875-933A-3067DE883070}"
,"{CB363445-F453-4C1E-8EE4-BD123C5E394F}","{E7B3C0E0-FB47-49F6-A66B-8A7C2E4E7B9C}"
,"{BBD8C065-5E6C-4e88-BFD7-BE3E6D1C063B}","{BBD8C065-5E6C-4e88-BFD7-BE3E6D1C063B}"
,"{A6DD7B1E-9A71-46BB-94BF-EEC016B43056}","{A6DD7B1E-9A71-46BB-94BF-EEC016B43056}"
,"{03e15b2e-cca6-451c-8fb0-1e2ee37a27dd}","{03e15b2e-cca6-451c-8fb0-1e2ee37a27dd}"
,"{EB521D7D-4095-4E61-88FB-BF25700F142A}","{754A73E3-B0A5-4305-A45A-428186716507}"
,"{534E4CF4-3249-4842-8D65-A9BEAE0BBEAC}","{BBE60DE4-551F-444A-81AB-70ADAF417C5D}"
,"{9fa5c497-f46d-447f-8011-05d03d7d7ddc}","{228fb8f7-fb53-4fd5-8c7b-ff59de606c5b}"
,"{EC9846B3-2762-4A6B-A214-6ACB603462D2}","{EC9846B3-2762-4A6B-A214-6ACB603462D2}"
,"{623D5F5E-2F09-427d-8BD7-64495CD9835D}","{72BFEB11-2681-490D-874B-652FC1D75ED8}"
,"{16A18E86-7F6E-4C20-AD89-4FFC0DB7A96A}","{16A18E86-7F6E-4C20-AD89-4FFC0DB7A96A}"
,"SQLTaskConnections.SQLTaskConnectionOD.4","{1240A011-EAC5-4904-9069-005642E4A792}"
,"{9fa5c497-f46d-447f-8011-05d03d7d7ddc}","{2b72133b-3f5b-4602-8952-803546ce3344}"
,"{3e5ca495-8d6a-4d1f-ad99-177b426c8b8e}","{0289a7c5-91bf-4547-81ae-fec91a89dec5}"
,"{8D8B8E30-C451-421B-8553-D2976AFA648C}","{8D8B8E30-C451-421B-8553-D2976AFA648C}"
,"{3feb2f63-0eec-4b96-84ab-da1307e0117c}","{9678f47f-2435-475c-b24a-4606f8161c16}"
,"{E10F6C3A-F1AE-4ADC-AA9D-2FE65525666E}","{645FF040-5081-101B-9F08-00AA002F954E}"
,"{4f6bcd94-c2a5-42ce-8dbc-31e794be4630}","{4f6bcd94-c2a5-42ce-8dbc-31e794be4630}"
,"{E8054D20-497D-4E16-BF41-6E69FCD381A5}","{A9710FB5-1840-4224-BD42-86831E28E43A}"
,"{9af8cd33-7aae-4cc2-b00a-835f6721e3c2}","{D5E8041D-920F-45e9-B8FB-B1DEB82C6E5E}"
,"{93AAD2A0-036A-4B11-A078-DA8776B38139}","{93AAD2A0-036A-4B11-A078-DA8776B38139}"
,"{E8054D20-497D-4E16-BF41-6E69FCD381A5}","{4DF929E7-4C5E-4587-A598-7ED7B3D6E462}"
,"{05E7C5B7-52B4-4AB0-B081-545F1F60CAB7}","{17E3383F-AD28-4E12-AE3E-1D2AADC3AD26}"
,"{05E7C5B7-52B4-4AB0-B081-545F1F60CAB7}","{85D83C7F-8452-4D31-AEC2-6A66444B07DA}"
,"{912B2DC5-1EFD-4B04-98C9-2A98405D5D3D}","{D313A859-B510-461A-B4A7-70FF73AEF1F1}"
,"{05E7C5B7-52B4-4AB0-B081-545F1F60CAB7}","{0FDE1D55-B32D-48D6-914C-FF77BB218491}"
,"{BBC4356A-F004-4628-A27A-E13D70412B70}","{25B25D91-69A2-47fa-A375-FDC98189A06F}"
,"{BBC4356A-F004-4628-A27A-E13D70412B70}","{F1EFACAA-08A1-461B-9D28-7AA8947889A0}"
,"{F808DF63-6049-11D1-BA20-006097D2898E}","{07A774A0-6047-11D1-BA20-006097D2898E}"
,"{434A6274-C539-4E99-88FC-44206D942775}","{434A6274-C539-4E99-88FC-44206D942775}"
,"{13390438-AA43-44B5-AEF0-DA857DD05B00}","{095B9B12-8BDE-49D2-984B-BF01B4F8CDAF}"
,"{13390438-AA43-44B5-AEF0-DA857DD05B00}","{46AE633A-032B-41CC-8FC7-E26E246E6CB8}"
,"{4FCDA643-B15B-41C6-84F8-5E447F6F6D25}","{4F1DFCA6-3AAD-48E1-8406-4BC21A501D7C}"
,"{63CE6D27-426A-41F9-8E51-549C1132DAE2}","{967696C6-354C-4B5C-9CC8-BD9E1C480C77}"
,"{C49F2185-50A7-11D3-9144-00104BA11C5E}","{8A03567A-63CB-4BA8-BAF6-52119816D1EF}"
,"{2206CDB0-19C1-11D1-89E0-00C04FD7A829}","{2206CDB0-19C1-11D1-89E0-00C04FD7A829}"
,"{C49F2185-50A7-11D3-9144-00104BA11C5E}","{520CCA61-51A5-11D3-9144-00104BA11C5E}"
,"{C49F2185-50A7-11D3-9144-00104BA11C5E}","{520CCA63-51A5-11D3-9144-00104BA11C5E}"
,"{b0316d0c-da2f-40e0-9f91-f600caf042dc}","{9A4B1918-0A2F-4422-89DD-35B3F455999C}"
,"{3f2db10f-6368-4702-a4b1-e5149d931370}","{B2B6867C-4AC5-4AC3-9195-B81056278BFB}"
,"{3f2db10f-6368-4702-a4b1-e5149d931370}","{fe64acb0-e0e7-4b4a-8086-923b5031bca9}"
,"{3f2db10f-6368-4702-a4b1-e5149d931370}","{5fd4d76a-03e2-46d5-971e-9fe5b209f08e}"
,"{3f2db10f-6368-4702-a4b1-e5149d931370}","{69e5f6f4-c7e1-4bec-9fac-05e283597632}"
,"{B8C54A54-355E-11D3-83EB-00A0C92A2F2D}","{91778246-9BE4-4713-A651-E833B853CC30}"
,"{3eef301f-b596-4c0b-bd92-013beafce793}","{3eef301f-b596-4c0b-bd92-013beafce793}"
,"{8DF61FB6-3223-4E2D-8A92-D937DDB0DF4C}","{c58ca859-80bc-48df-8f06-ffa94a405bff}"
,"{E6442437-6C68-4f52-94DD-2CFED267EFB9}","{E6442437-6C68-4f52-94DD-2CFED267EFB9}"
,"{48da6741-1bf0-4a44-8325-293086c79077}","{BFCB2C6D-04AA-4fb9-BC72-58E1AF64BE39}"
,"{A4B07E49-6567-4FB8-8D39-01920E3B2357}","{A4B07E49-6567-4FB8-8D39-01920E3B2357}"
,"{48da6741-1bf0-4a44-8325-293086c79077}","{3B881B82-5BF4-4657-A3A2-CCE17E4FD39A}"
,"{48da6741-1bf0-4a44-8325-293086c79077}","{48da6741-1bf0-4a44-8325-293086c79077}"
,"{c5bbbd35-e321-468a-9884-6708aa083f83}","{677126ed-2a91-40ff-8c52-06181c064573}"
,"{7FC12E96-4CB7-4ABD-ADAA-EF7845B10629}","{7FC12E96-4CB7-4ABD-ADAA-EF7845B10629}"
,"{8f3080a6-af99-4f2e-a806-f3d5702a0444}","{8f3080a6-af99-4f2e-a806-f3d5702a0444}"
,"{D215781D-019E-4FA0-903D-0CDCDE13A4F5}","{D215781D-019E-4FA0-903D-0CDCDE13A4F5}"
,"{515980c3-57fe-4c1e-a561-730dd256ab98}","{515980c3-57fe-4c1e-a561-730dd256ab98}"
,"{6295DF2D-35EE-11D1-8707-00C04FD93327}","{6295DF2D-35EE-11D1-8707-00C04FD93327}"
,"{c08afd90-f2a1-11d1-8455-00a0c91f3880}","{c08afd90-f2a1-11d1-8455-00a0c91f3880}"
,"{FFB8655F-81B9-4fce-B89C-9A6BA76D13E7}","{FFB8655F-81B9-4fce-B89C-9A6BA76D13E7}"
,"{AB8902B4-09CA-4bb6-B78D-A8F59079A8D5}","{AB8902B4-09CA-4bb6-B78D-A8F59079A8D5}"
,"{E10F6C3A-F1AE-4adc-AA9D-2FE65525666E}","{56EA1054-1959-467f-BE3B-A2A787C4B6EA}"
,"{D3667F1E-CCB8-4A69-99DF-59A2B2A6753F}","{D3667F1E-CCB8-4A69-99DF-59A2B2A6753F}"
,"{EA2C6B24-C590-457B-BAC8-4A0F9B13B5B8}","{EA2C6B24-C590-457B-BAC8-4A0F9B13B5B8}"
,"{06C792F8-6212-4F39-BF70-E8C0AC965C23}","{06C792F8-6212-4F39-BF70-E8C0AC965C23}"
,"{C947D50F-378E-4FF6-8835-FCB50305244D}","{C947D50F-378E-4FF6-8835-FCB50305244D}"
,"{722b3793-5367-4446-b6bb-db89b05c1f24}","{722b3793-5367-4446-b6bb-db89b05c1f24}"
,"{1C749B87-568C-4865-8E73-6413F8372CE6}","{1C749B87-568C-4865-8E73-6413F8372CE6}"
,"{06622D85-6856-4460-8DE1-A81921B41C4B}","{06622D85-6856-4460-8DE1-A81921B41C4B}"
,"{87BB326B-E4A0-4DE1-94F0-B9F41D0C6059}","{87BB326B-E4A0-4de1-94F0-B9F41D0C6059}"
,"{316cded5-e4ae-4b15-9113-7055d84dcc97}","{c2f03a33-21f5-47fa-b4bb-156362a2f239}"
,"{5EAD00DC-0E8B-497C-BDE8-B9153058CBEF}","{329B80EC-2230-47B8-905D-A2DCF5171C6F}"
,"{62B8CCBE-5A45-4372-8C4A-6A87DD3EDD60}","{62B8CCBE-5A45-4372-8C4A-6A87DD3EDD60}"
,"{08F646B3-5E7F-4B7A-A5CB-F95445F9F67A}","{BAEA8DC9-45F5-4DF8-A27F-2A277D524B15}"
,"{76db1bf3-e820-4765-a1b2-0b16a86b1950}","{d54378cd-91d8-4e10-a00b-819f9a9efcb1}"
,"%APPID%","{8407F3FE-7F30-4FFC-B34E-F07E9DAF4041}"
,"{AA0B85DA-FDDF-4272-8D1D-FF9B966D75B0}","{BA7C0D29-81CA-4901-B450-634E20BB8C34}"
,"{6f5bad87-9d5e-459f-bd03-3957407051ca}","{6f5bad87-9d5e-459f-bd03-3957407051ca}"
,"{01A39A4B-90E2-4EDF-8A1C-DD9E5F526568}","{b8f87e75-d1d5-446b-931c-3f61b97bca7a}"
,"{7aa7790d-75d7-484b-98a1-3913d022091d}","{7aa7790d-75d7-484b-98a1-3913d022091d}"
,"{1AC32B1A-E379-4CAD-B655-F978A30856EC}","{1AC32B1A-E379-4CAD-B655-F978A30856EC}"
,"{b0316d0c-da2f-40e0-9f91-f600caf042dc}","{c658e5bd-817b-41c8-8fb6-5b2b386a40ea}"
,"{b0316d0c-da2f-40e0-9f91-f600caf042dc}","{de50c7bb-faa7-4a7f-ba47-bf0efcfe433d}"
,"{b0316d0c-da2f-40e0-9f91-f600caf042dc}","{a4fbcbc6-4be5-4c3d-8ab5-8b873357a23e}"
,"{b0316d0c-da2f-40e0-9f91-f600caf042dc}","{ba6ee7d8-190d-423a-93cc-1270e6599195}"
,"{0010890e-8789-413c-adbc-48f5b511b3af}","{0010890e-8789-413c-adbc-48f5b511b3af}"
,"{8B30085D-A3E3-44e3-AE7F-B03A1340EBED}","{C2CF3110-460E-4fc1-B9D0-8A1C0C9CC4BD}"
,"{b0316d0c-da2f-40e0-9f91-f600caf042dc}","{df46cd07-4f86-42f0-8fa9-35c3ce55d77b}"
,"{69F9CB25-25E2-4BE1-AB8F-07AA7CB535E8}","{69F9CB25-25E2-4BE1-AB8F-07AA7CB535E8}"
,"{DCED8DB0-11A5-4b16-AB9D-4E28CA38C99F}","{DCED8DB0-11A5-4b16-AB9D-4E28CA38C99F}"
,"{5E1395B2-B685-44e3-8AED-E2304D85ACD1}","{5E1395B2-B685-44e3-8AED-E2304D85ACD1}"
,"{fd6c8b29-e936-4a61-8da6-b0c12ad3ba00}","{73FDDC80-AEA9-101A-98A7-00AA00374959}"
,"{e4803a36-7232-4ac0-a6af-29d59ebcc303}","{0002DF01-0000-0000-C000-000000000046}"
,"{7F429620-16D1-471E-A81A-114992148034}","{A5B020FD-E04B-4e67-B65A-E7DEED25B2CF}"
,"{5C917E9C-0B2F-40D6-928B-5C43FDB16DF4}","{5C917E9C-0B2F-40D6-928B-5C43FDB16DF4}"
,"{D0565000-9DF4-11D1-A281-00C04FCA0AA7}","{D0565000-9DF4-11D1-A281-00C04FCA0AA7}"
,"{4D111E08-CBF7-4f12-A926-2C7920AF52FC}","{4D111E08-CBF7-4f12-A926-2C7920AF52FC}"
,"{FBF23B40-E3F0-101B-8488-00AA003E56F8}","{FBF23B40-E3F0-101B-8488-00AA003E56F8}"
,"{514B5E31-5596-422F-BE58-D804464683B5}","{514B5E31-5596-422F-BE58-D804464683B5}"
,"{BCEA735B-4DAC-4B71-9C47-1D560AFD2A9B}","{BCEA735B-4DAC-4B71-9C47-1D560AFD2A9B}"
,"{5364ED0E-493F-4B16-9DBF-AE486CF22660}","{9C38ED61-D565-4728-AEEE-C80952F0ECDE}"
,"{6571503D-D0FB-4D98-BBC3-1FBB2B3F344E}","{752438CB-E941-433F-BCB4-8B7D2329F0C8}"
,"{9BA05972-F6A8-11CF-A442-00A0C90A8F39}","{9BA05972-F6A8-11CF-A442-00A0C90A8F39}"
,"{549e57e9-b362-49d1-b679-b64d510efe4b}","{549e57e9-b362-49d1-b679-b64d510efe4b}"
,"{1fb2a002-4c6c-4de7-85c2-cb8db9a4f728}","{1fb2a002-4c6c-4de7-85c2-cb8db9a4f728}"
"ALG","{4A0F9AA8-A71E-4CC3-891B-76CAC67E67C0}","{D6015EC3-FA16-4813-9CA1-DA204574F5DA}"
"AxInstSv","{0B15AFD8-3A99-4A6E-9975-30D66F70BD94}","{90F18417-F0F1-484E-9D3C-59DCEEE5DBD8}"
"BITS","{69AD4AEE-51BE-439b-A92C-86AE490E8B30}","{6d18ad12-bde3-4393-b311-099c346e6df9}"
"BITS","{69AD4AEE-51BE-439b-A92C-86AE490E8B30}","{69AD4AEE-51BE-439b-A92C-86AE490E8B30}"
"BITS","{69AD4AEE-51BE-439b-A92C-86AE490E8B30}","{F087771F-D74F-4C1A-BB8A-E16ACA9124EA}"
"BITS","{69AD4AEE-51BE-439b-A92C-86AE490E8B30}","{bb6df56b-cace-11dc-9992-0019b93a3a84}"
"BITS","{69AD4AEE-51BE-439b-A92C-86AE490E8B30}","{1ecca34c-e88a-44e3-8d6a-8921bde9e452}"
"BITS","{69AD4AEE-51BE-439b-A92C-86AE490E8B30}","{03ca98d6-ff5d-49b8-abc6-03dd84127020}"
"BITS","{69AD4AEE-51BE-439b-A92C-86AE490E8B30}","{659cdea7-489e-11d9-a9cd-000d56965251}"
"BITS","{69AD4AEE-51BE-439b-A92C-86AE490E8B30}","{4991d34b-80a1-4291-83b6-3328366b9097}"
"CscService","{52551A19-B337-498d-AE75-2283E29902DE}","{69486DD6-C19F-42e8-B508-A53F9F8E67B8}"
"CscService","{AAAF9453-58F9-4872-A428-0507C383AC37}","{FD3659E9-A920-4123-AD64-7FC76C7AACDF}"
"defragsvc","{ab7c873b-eb14-49a6-be60-a602f80e6d22}","{d20a3293-3341-4ae8-9aaf-8e397cb63c34}"
"dps","{ada41b3c-c6fd-4a08-8cc1-d6efde67be7d}","{7022a3b3-d004-4f52-af11-e9e987fee25f}"
"EapHost","{0A886F29-465A-4aea-8B8E-BE926BFAE83E}","{0A886F29-465A-4aea-8B8E-BE926BFAE83E}"
"EapHost","{8C482DCE-2644-4419-AEFF-189219F916B9}","{8C482DCE-2644-4419-AEFF-189219F916B9}"
"EapHost","{8B4B437E-4CAB-4e83-89F6-7F9F7DF414EA}","{8B4B437E-4CAB-4e83-89F6-7F9F7DF414EA}"
"EventSystem","{1BE1F766-5536-11D1-B726-00C04FB926AF}","{1BE1F766-5536-11D1-B726-00C04FB926AF}"
"fdPHost","{145B4335-FE2A-4927-A040-7C35AD3180EF}","{145B4335-FE2A-4927-A040-7C35AD3180EF}"
"fdPHost","{35b1d3bb-2d4e-4a7c-9af0-f2f677af7c30}","{35b1d3bb-2d4e-4a7c-9af0-f2f677af7c30}"
"fdPHost","{D3DCB472-7261-43ce-924B-0704BD730D5F}","{D3DCB472-7261-43ce-924B-0704BD730D5F}"
"FTPSVC","{75BE3767-9BAD-477C-A125-26379D3EDB4A}","{75BE3767-9BAD-477C-A125-26379D3EDB4A}"
"hkmsvc","{46298684-0fd3-47f3-94b3-65650c65b36a}","{ff258fc0-99b1-4297-b857-539ad9bc13ed}"
"lltdsvc","{19BCA967-D266-436f-B2D4-CBE4D4B42F96}","{5BF9AA75-D7FF-4aee-AA2C-96810586456D}"
"MsDtsServer120","{EE4171E6-C37E-4D04-AF4C-8617BC7D4914}","{806835AE-FD04-4870-A1E8-D65535358293}"
"MsDtsServer120","{EE4171E6-C37E-4D04-AF4C-8617BC7D4914}","{A58245C3-BCEC-4872-BA19-E4101054BF7B}"
"MSIServer","{000C101C-0000-0000-C000-000000000046}","{000C101C-0000-0000-C000-000000000046}"
"napagent","{B292921D-AF50-400c-9B75-0C57A7F29BA1}","{DCBCA92E-7DBE-4eda-8B7B-3AAEA4DD412B}"
"napagent","{B292921D-AF50-400c-9B75-0C57A7F29BA1}","{24FF4FDC-1D9F-4195-8C79-0DA39248FF48}"
"napagent","{B292921D-AF50-400c-9B75-0C57A7F29BA1}","{e5fae3b3-1ac8-4bd3-87e6-48eff509ddaa}"
"napagent","{B292921D-AF50-400c-9B75-0C57A7F29BA1}","{38B22A43-49A8-45ab-BEB7-9137A488B1D3}"
"netman","{27AF75ED-20D9-11D1-B1CE-00805FC1270E}","{B4C8DF59-D16F-4042-80B7-3557A254B7C5}"
"netman","{27AF75ED-20D9-11D1-B1CE-00805FC1270E}","{BA126AD1-2166-11D1-B1D0-00805FC1270E}"
"netman","{27AF75ED-20D9-11D1-B1CE-00805FC1270E}","{BA126ADB-2166-11D1-B1D0-00805FC1270E}"
"netman","{27AF75ED-20D9-11D1-B1CE-00805FC1270E}","{BA126ADD-2166-11D1-B1D0-00805FC1270E}"
"netman","{27AF75ED-20D9-11D1-B1CE-00805FC1270E}","{BA126ADE-2166-11D1-B1D0-00805FC1270E}"
"netman","{27AF75ED-20D9-11D1-B1CE-00805FC1270E}","{6FE54E0E-009F-4E3D-A830-EDFA71E1F306}"
"netman","{27AF75ED-20D9-11D1-B1CE-00805FC1270E}","{BA126AD9-2166-11D1-B1D0-00805FC1270E}"
"netman","{27AF75ED-20D9-11D1-B1CE-00805FC1270E}","{BA126AD5-2166-11D1-B1D0-00805FC1270E}"
"netman","{27AF75ED-20D9-11D1-B1CE-00805FC1270E}","{BA126AD4-2166-11D1-B1D0-00805FC1270E}"
"netman","{27AF75ED-20D9-11D1-B1CE-00805FC1270E}","{BA126AD3-2166-11D1-B1D0-00805FC1270E}"
"netman","{27AF75ED-20D9-11D1-B1CE-00805FC1270E}","{BA126AD2-2166-11D1-B1D0-00805FC1270E}"
"netman","{27AF75ED-20D9-11D1-B1CE-00805FC1270E}","{BA126AD8-2166-11D1-B1D0-00805FC1270E}"
"netman","{27AF75ED-20D9-11D1-B1CE-00805FC1270E}","{BA126AD7-2166-11D1-B1D0-00805FC1270E}"
"netman","{27AF75ED-20D9-11D1-B1CE-00805FC1270E}","{BA126AD6-2166-11D1-B1D0-00805FC1270E}"
"netman","{27AF75ED-20D9-11D1-B1CE-00805FC1270E}","{BA126ADF-2166-11D1-B1D0-00805FC1270E}"
"netman","{27AF75ED-20D9-11D1-B1CE-00805FC1270E}","{CD5096A1-E7E7-4E09-8B12-CBF2790A87CF}"
"netman","{27AF75ED-20D9-11D1-B1CE-00805FC1270E}","{BA126AE5-2166-11D1-B1D0-00805FC1270E}"
"netman","{27AF75ED-20D9-11D1-B1CE-00805FC1270E}","{BA126AE3-2166-11D1-B1D0-00805FC1270E}"
"netprofm","{C96887DA-A652-4426-905E-4A37546F847C}","{A47979D2-C419-11D9-A5B4-001185AD2B89}"
"PrintNotify","{588E10FA-0618-48A1-BE2F-0AD93E899FCC}","{854A20FB-2D44-457D-992F-EF13785D2B51}"
"profsvc","{72E3272B-4EEA-4104-B358-1A282E4FC1AD}","{BA677074-762C-444b-94C8-8C83F93F6605}"
"RSoPProv","{6EBBFC6C-B721-4D10-9371-5D8E8C76D315}","{F0FF8EBB-F14D-4369-BD2E-D84FBF6122D6}"
"ShellHWDetection","{B1B9CBB2-B198-47E2-8260-9FD629A2B2EC}","{555F3418-D99E-4E51-800A-6E89CFD8B1D7}"
"ShellHWDetection","{B1B9CBB2-B198-47E2-8260-9FD629A2B2EC}","{DD522ACC-F821-461A-A407-50B198B896DC}"
"stisvc","{B6C292BC-7C88-41EE-8B54-8EC92617E599}","{B6C292BC-7C88-41EE-8B54-8EC92617E599}"
"stisvc","{A1F4E726-8CF1-11D1-BF92-0060081ED811}","{A1F4E726-8CF1-11D1-BF92-0060081ED811}"
"swprv","{4db9c793-c48d-449c-9754-46027ee45c94}","{65EE1DBA-8FF4-4a58-AC1C-3470EE2F376A}"
"TermService","{C9F65BA8-1F8F-4382-AE27-C91FFB29275F}","{F9A874B6-F8A8-4D73-B5A8-AB610816828B}"
"TrustedInstaller","{752073A2-23F2-4396-85F0-8FDB879ED0ED}","{3c6859ce-230b-48a4-be6c-932c0c202048}"
"TrustedInstaller","{752073A2-23F2-4396-85F0-8FDB879ED0ED}","{4729dc2b-36ff-405f-bd36-f45113adb052}"
"TrustedInstaller","{752073A2-23F2-4396-85F0-8FDB879ED0ED}","{752073A1-23F2-4396-85F0-8FDB879ED0ED}"
"TrustedInstaller","{752073A2-23F2-4396-85F0-8FDB879ED0ED}","{8F5DF053-3013-4dd8-B5F4-88214E81C0CF}"
"TrustedInstaller","{D8D4249F-A8FB-44A7-8AA0-564E8C385BD6}","{F556F9B2-C810-44A2-BA7A-3AB8C24E666D}"
"upnphost","{E495081B-BBA5-4b89-BA3C-3B86A686B87A}","{6d8ff8e1-730d-11d4-bf42-00b0d0118b56}"
"upnphost","{E495081B-BBA5-4b89-BA3C-3B86A686B87A}","{0fb40f0d-1021-4022-8da0-aab0588dfc8b}"
"upnphost","{E495081B-BBA5-4b89-BA3C-3B86A686B87A}","{6d8ff8e5-730d-11d4-bf42-00b0d0118b56}"
"upnphost","{E495081B-BBA5-4b89-BA3C-3B86A686B87A}","{6d8ff8e7-730d-11d4-bf42-00b0d0118b56}"
"upnphost","{E495081B-BBA5-4b89-BA3C-3B86A686B87A}","{6d8ff8df-730d-11d4-bf42-00b0d0118b56}"
"upnphost","{E495081B-BBA5-4b89-BA3C-3B86A686B87A}","{6d8ff8d2-730d-11d4-bf42-00b0d0118b56}"
"upnphost","{E495081B-BBA5-4b89-BA3C-3B86A686B87A}","{2e5e84e9-4049-4244-b728-2d24227157c7}"
"upnphost","{E495081B-BBA5-4b89-BA3C-3B86A686B87A}","{6d8ff8dc-730d-11d4-bf42-00b0d0118b56}"
"upnphost","{E495081B-BBA5-4b89-BA3C-3B86A686B87A}","{6d8ff8dd-730d-11d4-bf42-00b0d0118b56}"
"upnphost","{E495081B-BBA5-4b89-BA3C-3B86A686B87A}","{204810b9-73b2-11d4-bf42-00b0d0118b56}"
"vds","{F290BFB2-1864-45B1-8804-2654194A87E7}","{7D1933CB-86F6-4A98-8628-01BE94C9A575}"
"vmicheartbeat","{be0fc7f0-f248-4091-a123-34ca29a6901b}","{397a2e5f-348c-482d-b9a3-57d383b483cd}"
"VSS","{56BE716B-2F76-4dfa-8702-67AE10044F0B}","{E579AB5F-1CC4-44b4-BED9-DE0991FF0623}"
"VSS","{56BE716B-2F76-4dfa-8702-67AE10044F0B}","{0B5A2C52-3EB9-470a-96E2-6C6D4570E40F}"
"VSS","{56BE716B-2F76-4dfa-8702-67AE10044F0B}","{95243A62-2F9B-4FDF-B437-40D965F6D17F}"
"was","{119817C9-666D-4053-AEDA-627D0E25CCEF}","{119817C9-666D-4053-AEDA-627D0E25CCEF}"
"WcsPlugInService","{CD11FAB6-1C0E-45e1-BA31-5C6008EF2607}","{69B37063-2BB6-43b5-A109-60E69A77840F}"
"wercplsupport","{136A0DC7-DF5C-4271-A2AC-15DF1A1323F2}","{0E9A7BB5-F699-4D66-8A47-B919F5B6A1DB}"
"winmgmt","{8BC3F05E-D86B-11D0-A075-00C04FB68820}","{8BC3F05E-D86B-11D0-A075-00C04FB68820}"
"winmgmt","{8BC3F05E-D86B-11D0-A075-00C04FB68820}","{C49E32C6-BC8B-11d2-85D4-00105A1F8304}"
"wuauserv","{653C5148-4DCE-4905-9CFD-1B23662D3D9E}","{f3b4e234-7a68-4e43-b813-e4ba55a065f6}"
"wuauserv","{653C5148-4DCE-4905-9CFD-1B23662D3D9E}","{784E29F4-5EBE-4279-9948-1E8FE941646D}"
"wuauserv","{653C5148-4DCE-4905-9CFD-1B23662D3D9E}","{eff7f153-1c97-417a-b633-fede6683a939}"
"wuauserv","{653C5148-4DCE-4905-9CFD-1B23662D3D9E}","{9B1F122C-2982-4e91-AA8B-E071D54F2A4D}"
"wuauserv","{653C5148-4DCE-4905-9CFD-1B23662D3D9E}","{b8fc52f5-cb03-4e10-8bcb-e3ec794c54a5}"
"wuauserv","{653C5148-4DCE-4905-9CFD-1B23662D3D9E}","{e60687f7-01a1-40aa-86ac-db1cbf673334}"
